{
  "transitions": [
    [
      0.04369962215423584,
      -0.12221870571374893,
      0.011854949407279491,
      -0.04942571744322777,
      -0.015781288966536522,
      -0.12680797278881073,
      -0.04864100366830826
    ],
    [
      -0.061657655984163284,
      -0.12712466716766357,
      0.0064918664284050465,
      -0.02659914828836918,
      -0.008010180667042732,
      -0.1636497676372528,
      0.0051962085999548435
    ],
    [
      0.024414921179413795,
      0.016913048923015594,
      -0.15344400703907013,
      0.0360393188893795,
      -0.12968048453330994,
      -0.0359795019030571,
      0.06415849924087524
    ],
    [
      0.0010195160284638405,
      -0.013520807959139347,
      -0.044127631932497025,
      -0.07484129816293716,
      0.0008468001033179462,
      0.053396403789520264,
      0.028115879744291306
    ],
    [
      0.03976506367325783,
      -0.044583760201931,
      -0.12182940542697906,
      -0.00027059740386903286,
      -0.006749073974788189,
      0.01672307960689068,
      0.0010918000480160117
    ],
    [
      0.03349142521619797,
      -0.023086048662662506,
      -0.15992958843708038,
      -0.0781441405415535,
      -0.09504935145378113,
      0.03562815487384796,
      -0.0998743325471878
    ],
    [
      0.04097858443856239,
      -0.08796539902687073,
      0.1574825495481491,
      0.06794484704732895,
      -0.16521617770195007,
      -0.09549761563539505,
      -0.05177278816699982
    ]
  ],
  "startTransitions": [
    0.026969874277710915,
    0.1344051957130432,
    0.05689214542508125,
    -0.10429777204990387,
    -0.12426311522722244,
    -0.07568344473838806,
    0.04306447505950928
  ],
  "endTransitions": [
    -0.0009051802917383611,
    -0.08473620563745499,
    0.024034366011619568,
    0.04712983965873718,
    0.03425560146570206,
    -0.0033253529109060764,
    -0.09761136025190353
  ]
}