{
  "transitions": [
    [
      -0.035008031874895096,
      -0.04882281273603439,
      -0.24163351953029633,
      -0.047716833651065826,
      -0.2241421639919281,
      -0.1709415316581726
    ],
    [
      -0.07010223716497421,
      -0.20693330466747284,
      0.05974139645695686,
      0.14560627937316895,
      -0.16560286283493042,
      -0.10017284005880356
    ],
    [
      -0.09943439066410065,
      -0.08676478266716003,
      -0.33931127190589905,
      -0.06375936418771744,
      0.11801717430353165,
      -0.014736460521817207
    ],
    [
      -0.07629616558551788,
      -0.14463835954666138,
      0.04880824685096741,
      0.05476561561226845,
      -0.2306673675775528,
      -0.007203778717666864
    ],
    [
      -0.21132022142410278,
      0.10044291615486145,
      -0.0018908551428467035,
      -0.15064720809459686,
      0.16896380484104156,
      -0.17745210230350494
    ],
    [
      -0.13350343704223633,
      0.13824297487735748,
      0.023562461137771606,
      0.00014155093231238425,
      -0.22973428666591644,
      0.09059157967567444
    ]
  ],
  "startTransitions": [
    -0.36013272404670715,
    -0.1196531355381012,
    -0.2237708568572998,
    -0.2663116753101349,
    -0.34630417823791504,
    0.32599008083343506
  ],
  "endTransitions": [
    0.07183124870061874,
    0.019855862483382225,
    -0.2772512435913086,
    -0.14116591215133667,
    0.05183485895395279,
    -0.15485863387584686
  ]
}